config,retrieval_k,hybrid_alpha,template,rerank,samples,hit_rate_at_k,retrieval_mrr,plain_em,plain_f1,rag_em,rag_f1,report
k1_a0.3_direct_norank,1,0.3,direct,False,600,0.0017,0.0017,,,,,reports/benchmark_grid_infographic_open_full/k1_a0.3_direct_norank.json
k1_a0.3_direct_rerank,1,0.3,direct,True,600,0.0017,0.0017,,,,,reports/benchmark_grid_infographic_open_full/k1_a0.3_direct_rerank.json
k1_a0.3_cited_norank,1,0.3,cited,False,600,0.0017,0.0017,,,,,reports/benchmark_grid_infographic_open_full/k1_a0.3_cited_norank.json
k1_a0.3_cited_rerank,1,0.3,cited,True,600,0.0017,0.0017,,,,,reports/benchmark_grid_infographic_open_full/k1_a0.3_cited_rerank.json
k1_a0.3_strict_norank,1,0.3,strict,False,600,0.0017,0.0017,,,,,reports/benchmark_grid_infographic_open_full/k1_a0.3_strict_norank.json
k1_a0.3_strict_rerank,1,0.3,strict,True,600,0.0017,0.0017,,,,,reports/benchmark_grid_infographic_open_full/k1_a0.3_strict_rerank.json
k1_a0.5_direct_norank,1,0.5,direct,False,600,0.0017,0.0017,,,,,reports/benchmark_grid_infographic_open_full/k1_a0.5_direct_norank.json
k1_a0.5_direct_rerank,1,0.5,direct,True,600,0.0017,0.0017,,,,,reports/benchmark_grid_infographic_open_full/k1_a0.5_direct_rerank.json
k1_a0.5_cited_norank,1,0.5,cited,False,600,0.0017,0.0017,,,,,reports/benchmark_grid_infographic_open_full/k1_a0.5_cited_norank.json
k1_a0.5_cited_rerank,1,0.5,cited,True,600,0.0017,0.0017,,,,,reports/benchmark_grid_infographic_open_full/k1_a0.5_cited_rerank.json
k1_a0.5_strict_norank,1,0.5,strict,False,600,0.0017,0.0017,,,,,reports/benchmark_grid_infographic_open_full/k1_a0.5_strict_norank.json
k1_a0.5_strict_rerank,1,0.5,strict,True,600,0.0017,0.0017,,,,,reports/benchmark_grid_infographic_open_full/k1_a0.5_strict_rerank.json
k1_a0.7_direct_norank,1,0.7,direct,False,600,0.0017,0.0017,,,,,reports/benchmark_grid_infographic_open_full/k1_a0.7_direct_norank.json
k1_a0.7_direct_rerank,1,0.7,direct,True,600,0.0017,0.0017,,,,,reports/benchmark_grid_infographic_open_full/k1_a0.7_direct_rerank.json
k1_a0.7_cited_norank,1,0.7,cited,False,600,0.0017,0.0017,,,,,reports/benchmark_grid_infographic_open_full/k1_a0.7_cited_norank.json
k1_a0.7_cited_rerank,1,0.7,cited,True,600,0.0017,0.0017,,,,,reports/benchmark_grid_infographic_open_full/k1_a0.7_cited_rerank.json
k1_a0.7_strict_norank,1,0.7,strict,False,600,0.0017,0.0017,,,,,reports/benchmark_grid_infographic_open_full/k1_a0.7_strict_norank.json
k1_a0.7_strict_rerank,1,0.7,strict,True,600,0.0017,0.0017,,,,,reports/benchmark_grid_infographic_open_full/k1_a0.7_strict_rerank.json
k3_a0.3_direct_norank,3,0.3,direct,False,600,0.005,0.0031,,,,,reports/benchmark_grid_infographic_open_full/k3_a0.3_direct_norank.json
k3_a0.3_direct_rerank,3,0.3,direct,True,600,0.005,0.0031,,,,,reports/benchmark_grid_infographic_open_full/k3_a0.3_direct_rerank.json
k3_a0.3_cited_norank,3,0.3,cited,False,600,0.005,0.0031,,,,,reports/benchmark_grid_infographic_open_full/k3_a0.3_cited_norank.json
k3_a0.3_cited_rerank,3,0.3,cited,True,600,0.005,0.0031,,,,,reports/benchmark_grid_infographic_open_full/k3_a0.3_cited_rerank.json
k3_a0.3_strict_norank,3,0.3,strict,False,600,0.005,0.0031,,,,,reports/benchmark_grid_infographic_open_full/k3_a0.3_strict_norank.json
k3_a0.3_strict_rerank,3,0.3,strict,True,600,0.005,0.0031,,,,,reports/benchmark_grid_infographic_open_full/k3_a0.3_strict_rerank.json
k3_a0.5_direct_norank,3,0.5,direct,False,600,0.005,0.0031,,,,,reports/benchmark_grid_infographic_open_full/k3_a0.5_direct_norank.json
k3_a0.5_direct_rerank,3,0.5,direct,True,600,0.005,0.0031,,,,,reports/benchmark_grid_infographic_open_full/k3_a0.5_direct_rerank.json
k3_a0.5_cited_norank,3,0.5,cited,False,600,0.005,0.0031,,,,,reports/benchmark_grid_infographic_open_full/k3_a0.5_cited_norank.json
k3_a0.5_cited_rerank,3,0.5,cited,True,600,0.005,0.0031,,,,,reports/benchmark_grid_infographic_open_full/k3_a0.5_cited_rerank.json
k3_a0.5_strict_norank,3,0.5,strict,False,600,0.005,0.0031,,,,,reports/benchmark_grid_infographic_open_full/k3_a0.5_strict_norank.json
k3_a0.5_strict_rerank,3,0.5,strict,True,600,0.005,0.0031,,,,,reports/benchmark_grid_infographic_open_full/k3_a0.5_strict_rerank.json
k3_a0.7_direct_norank,3,0.7,direct,False,600,0.005,0.0031,,,,,reports/benchmark_grid_infographic_open_full/k3_a0.7_direct_norank.json
k3_a0.7_direct_rerank,3,0.7,direct,True,600,0.005,0.0031,,,,,reports/benchmark_grid_infographic_open_full/k3_a0.7_direct_rerank.json
k3_a0.7_cited_norank,3,0.7,cited,False,600,0.005,0.0031,,,,,reports/benchmark_grid_infographic_open_full/k3_a0.7_cited_norank.json
k3_a0.7_cited_rerank,3,0.7,cited,True,600,0.005,0.0031,,,,,reports/benchmark_grid_infographic_open_full/k3_a0.7_cited_rerank.json
k3_a0.7_strict_norank,3,0.7,strict,False,600,0.005,0.0031,,,,,reports/benchmark_grid_infographic_open_full/k3_a0.7_strict_norank.json
k3_a0.7_strict_rerank,3,0.7,strict,True,600,0.005,0.0031,,,,,reports/benchmark_grid_infographic_open_full/k3_a0.7_strict_rerank.json
k5_a0.3_direct_norank,5,0.3,direct,False,600,0.0083,0.0038,,,,,reports/benchmark_grid_infographic_open_full/k5_a0.3_direct_norank.json
k5_a0.3_direct_rerank,5,0.3,direct,True,600,0.0083,0.0038,,,,,reports/benchmark_grid_infographic_open_full/k5_a0.3_direct_rerank.json
k5_a0.3_cited_norank,5,0.3,cited,False,600,0.0083,0.0038,,,,,reports/benchmark_grid_infographic_open_full/k5_a0.3_cited_norank.json
k5_a0.3_cited_rerank,5,0.3,cited,True,600,0.0083,0.0038,,,,,reports/benchmark_grid_infographic_open_full/k5_a0.3_cited_rerank.json
k5_a0.3_strict_norank,5,0.3,strict,False,600,0.0083,0.0038,,,,,reports/benchmark_grid_infographic_open_full/k5_a0.3_strict_norank.json
k5_a0.3_strict_rerank,5,0.3,strict,True,600,0.0083,0.0038,,,,,reports/benchmark_grid_infographic_open_full/k5_a0.3_strict_rerank.json
k5_a0.5_direct_norank,5,0.5,direct,False,600,0.0083,0.0038,,,,,reports/benchmark_grid_infographic_open_full/k5_a0.5_direct_norank.json
k5_a0.5_direct_rerank,5,0.5,direct,True,600,0.0083,0.0038,,,,,reports/benchmark_grid_infographic_open_full/k5_a0.5_direct_rerank.json
k5_a0.5_cited_norank,5,0.5,cited,False,600,0.0083,0.0038,,,,,reports/benchmark_grid_infographic_open_full/k5_a0.5_cited_norank.json
k5_a0.5_cited_rerank,5,0.5,cited,True,600,0.0083,0.0038,,,,,reports/benchmark_grid_infographic_open_full/k5_a0.5_cited_rerank.json
k5_a0.5_strict_norank,5,0.5,strict,False,600,0.0083,0.0038,,,,,reports/benchmark_grid_infographic_open_full/k5_a0.5_strict_norank.json
k5_a0.5_strict_rerank,5,0.5,strict,True,600,0.0083,0.0038,,,,,reports/benchmark_grid_infographic_open_full/k5_a0.5_strict_rerank.json
k5_a0.7_direct_norank,5,0.7,direct,False,600,0.0083,0.0038,,,,,reports/benchmark_grid_infographic_open_full/k5_a0.7_direct_norank.json
k5_a0.7_direct_rerank,5,0.7,direct,True,600,0.0083,0.0038,,,,,reports/benchmark_grid_infographic_open_full/k5_a0.7_direct_rerank.json
k5_a0.7_cited_norank,5,0.7,cited,False,600,0.0083,0.0038,,,,,reports/benchmark_grid_infographic_open_full/k5_a0.7_cited_norank.json
k5_a0.7_cited_rerank,5,0.7,cited,True,600,0.0083,0.0038,,,,,reports/benchmark_grid_infographic_open_full/k5_a0.7_cited_rerank.json
k5_a0.7_strict_norank,5,0.7,strict,False,600,0.0083,0.0038,,,,,reports/benchmark_grid_infographic_open_full/k5_a0.7_strict_norank.json
k5_a0.7_strict_rerank,5,0.7,strict,True,600,0.0083,0.0038,,,,,reports/benchmark_grid_infographic_open_full/k5_a0.7_strict_rerank.json
